<?xml version="1.0" encoding="utf-8" standalone="yes"?>
<rss version="2.0" xmlns:atom="http://www.w3.org/2005/Atom">
  <channel>
    <title>Networked on Writeups, Scripts, &amp; Security Stuff</title>
    <link>http://localhost:1313/categories/networked/</link>
    <description>Recent content in Networked on Writeups, Scripts, &amp; Security Stuff</description>
    <generator>Hugo</generator>
    <language>en-us</language>
    <lastBuildDate>Mon, 07 Jul 2025 12:02:55 +0100</lastBuildDate>
    <atom:link href="http://localhost:1313/categories/networked/index.xml" rel="self" type="application/rss+xml" />
    <item>
      <title>HTB: Networked</title>
      <link>http://localhost:1313/posts/busqueda/</link>
      <pubDate>Mon, 07 Jul 2025 12:02:55 +0100</pubDate>
      <guid>http://localhost:1313/posts/busqueda/</guid>
      <description>&lt;center&gt;&lt;img src=&#34;https://labs.hackthebox.com/storage/avatars/a6942ab57b6a79f71240420442027334.png&#34; alt=&#34;Busqueda&#34; width=&#34;100&#34; /&gt;&lt;/center&gt;&#xA;&lt;center&gt;&lt;h1&gt;HTB: Networked&lt;/h1&gt;&lt;/center&gt;</description>
    </item>
  </channel>
</rss>
