<?xml version="1.0" encoding="utf-8" standalone="yes"?>
<rss version="2.0" xmlns:atom="http://www.w3.org/2005/Atom">
  <channel>
    <title>Series on Writeups, Scripts, &amp; Security Stuff</title>
    <link>https://example.org/series/</link>
    <description>Recent content in Series on Writeups, Scripts, &amp; Security Stuff</description>
    <generator>Hugo</generator>
    <language>en-us</language>
    <atom:link href="https://example.org/series/index.xml" rel="self" type="application/rss+xml" />
  </channel>
</rss>
